-- 資産マスターデータ
INSERT INTO asset_masters (id, asset_name) VALUES 
(1, '普通預金'),
(2, 'JCBクレカ'),
(3, 'VISAクレカ'),
(4, 'paypay');

-- 資産データ
INSERT INTO asset_data (id, asset_masters_id, amount, target_month) VALUES 
(1, 1, 100000, '2025-01'),
(2, 1, 150000, '2025-02'),
(3, 1, 180000, '2025-03'),
(4, 1, 200000, '2025-04'),
(5, 1, 150000, '2025-05'),
(6, 1, 100000, '2025-06'),
(7, 1, 70000, '2025-07'),
(8, 2, -6000, '2025-01'),
(9, 2, -9000, '2025-02'),
(10, 2, -44000, '2025-03'),
(11, 2, -2000, '2025-04'),
(12, 2, -2000, '2025-05'),
(13, 2, -5000, '2025-06'),
(14, 2, -37000, '2025-07'),
(15, 3, -14000, '2025-01'),
(16, 3, -6000, '2025-02'),
(17, 3, -15000, '2025-03'),
(18, 3, -11000, '2025-04'),
(19, 3, -12000, '2025-05'),
(20, 3, -8000, '2025-06'),
(21, 3, -18000, '2025-07'),
(22, 4, 1000, '2025-01'),
(23, 4, 24000, '2025-02'),
(24, 4, 5000, '2025-03'),
(25, 4, 16000, '2025-04'),
(26, 4, 9000, '2025-05'),
(27, 4, 9700, '2025-06'),
(28, 4, 9000, '2025-07');

-- 月次支出データ
INSERT INTO monthly_expenses (id, amount, start_month, end_month) VALUES 
(1, 30000, '2025-01', '2027-03'),
(2, 80000, '2027-04', '2099-12');

-- 収入データ
INSERT INTO income_data (id, amount, target_month) VALUES 
(1, 80000, '2025-01'),
(2, 88000, '2025-02'),
(3, 100000, '2025-03'),
(4, 80000, '2025-04'),
(5, 80000, '2025-05'),
(6, 40000, '2025-06'),
(7, 10000, '2025-07');

INSERT INTO future_expenses (id, expense_name, amount, target_month) VALUES 
(1, '結婚', 3000000, '2029-05'),
(2, '出産', 500000, '2030-05'),
(3, '小学校', 2000000, '2036-03'),
(4, '中学校', 4000000, '2042-04'),
(5, '高校', 4000000, '2045-05'),
(6, '老後', 10000000, '2065-06');

INSERT INTO future_incomes (id, start_amount, end_amount, start_month, end_month) VALUES 
(1, 80000, 80000, '2025-01', '2027-03'),
(2, 260000, 700000, '2027-04', '2067-12'),
(3, 100000, 100000, '2067-01', '2099-12');

INSERT INTO invest_master (id, invest_name) VALUES 
(1, '米国株'),
(2, '日欧株'),
(3, '債券'),
(4, '金');

INSERT INTO invest_data (id, invest_master_id, amount, target_month) VALUES 
(1, 1, 40000, '2025-01'),
(2, 1, 40000, '2025-02'),
(3, 1, 40000, '2025-03'),
(4, 1, 40000, '2025-04'),
(5, 1, 40000, '2025-05'),
(6, 1, 40000, '2025-06'),
(7, 1, 40000, '2025-07'),
(8, 2, 20000, '2025-01'),
(9, 2, 20000, '2025-02'),
(10, 2, 20000, '2025-03'),
(11, 2, 20000, '2025-04'),
(12, 2, 20000, '2025-05'),
(13, 2, 20000, '2025-06'),
(14, 2, 20000, '2025-07'),
(15, 3, 1000, '2025-01'),
(16, 3, 1000, '2025-02'),
(17, 3, 1000, '2025-03'),
(18, 3, 1000, '2025-04'),
(19, 3, 1000, '2025-05'),
(20, 3, 1000, '2025-06'),
(21, 3, 1000, '2025-07'),
(22, 4, 1000, '2025-01'),
(23, 4, 1000, '2025-02'),
(24, 4, 1000, '2025-03'),
(25, 4, 1000, '2025-04'),
(26, 4, 1000, '2025-05'),
(27, 4, 1000, '2025-06'),
(28, 4, 1000, '2025-07');